,count,mean,std,min,25%,50%,75%,max
Registered,2002.0,0.8556443556443556,0.3515377931042679,0.0,1.0,1.0,1.0,1.0
Attended,2002.0,0.4130869130869131,0.49251119560844664,0.0,0.0,0.0,1.0,1.0
Recibe newsletter,2002.0,0.7897102897102897,0.40761616812113705,0.0,1.0,1.0,1.0,1.0
#NAME?,0.0,,,,,,,
